{
  "n_estimators": 500,
  "learning_rate": 0.06097839109531514,
  "num_leaves": 38,
  "min_child_samples": 80,
  "subsample": 0.7542703315240835,
  "colsample_bytree": 0.6777243706586128,
  "reg_alpha": 0.1,
  "reg_lambda": 0.1238513729886093,
  "objective": "regression",
  "device": "gpu",
  "n_jobs": -1,
  "random_state": 42,
  "verbosity": -1
}