{
  "gross": {
    "alpha": 0.022493654858633562,
    "alpha_tstat": 4.398209179237006,
    "beta_mkt": -0.08365225265669851,
    "beta_mkt_tstat": -0.9092619770271189,
    "beta_smb": 0.06694203272635697,
    "beta_smb_tstat": 0.41891984271441063,
    "beta_hml": -0.0588996532780271,
    "beta_hml_tstat": -0.45589041179900086,
    "beta_umd": 0.07805354525897121,
    "beta_umd_tstat": 0.8708573920219451,
    "r_squared": 0.03265431363521609,
    "n_obs": 71
  },
  "net": {
    "alpha": 0.021040025723040593,
    "alpha_tstat": 4.110482158943272,
    "beta_mkt": -0.08313324658025215,
    "beta_mkt_tstat": -0.901085496953844,
    "beta_smb": 0.0688768883330399,
    "beta_smb_tstat": 0.43135167321299084,
    "beta_hml": -0.05854884795795243,
    "beta_hml_tstat": -0.4528908479556684,
    "beta_umd": 0.07874156455434464,
    "beta_umd_tstat": 0.8763904341171137,
    "r_squared": 0.03244636419517,
    "n_obs": 71
  }
}