{
  "is_gross": {
    "ann_ret": 0.20922213581299678,
    "ann_vol": 0.10580918942782963,
    "sharpe": 1.9773531670016533,
    "sortino": 4.47950619333842,
    "max_drawdown": -0.1537170673651087,
    "calmar": 1.3610859184299455,
    "avg_monthly_ret": 0.0174351779844164,
    "n_months": 168
  },
  "is_net": {
    "ann_ret": 0.19343313937257922,
    "ann_vol": 0.10586652399126426,
    "sharpe": 1.8271416882313116,
    "sortino": 4.129624023115803,
    "max_drawdown": -0.17376166609608673,
    "calmar": 1.1132095111565894,
    "avg_monthly_ret": 0.01611942828104827,
    "n_months": 168
  },
  "oos_gross": {
    "ann_ret": 0.28048877092803276,
    "ann_vol": 0.134020669557725,
    "sharpe": 2.0928769558730003,
    "sortino": 6.034627056806057,
    "max_drawdown": -0.08665826581371301,
    "calmar": 3.236722640295988,
    "avg_monthly_ret": 0.02337406424400273,
    "n_months": 71
  },
  "oos_net": {
    "ann_ret": 0.26310346217497516,
    "ann_vol": 0.13414602621973404,
    "sharpe": 1.9613213271335082,
    "sortino": 5.65683423364828,
    "max_drawdown": -0.09577867781082615,
    "calmar": 2.746994092929896,
    "avg_monthly_ret": 0.021925288514581264,
    "n_months": 71
  },
  "market_is": {
    "ann_ret": 0.08000292857142857,
    "ann_vol": 0.14380923320977274,
    "sharpe": 0.5563128791232014,
    "sortino": 0.679101876049585,
    "max_drawdown": -0.5147735863363474,
    "calmar": 0.1554138182201826,
    "avg_monthly_ret": 0.006666910714285714,
    "n_months": 168
  },
  "market_oos": {
    "ann_ret": 0.16672157746478872,
    "ann_vol": 0.17820028350033335,
    "sharpe": 0.9355853660270795,
    "sortino": 1.3894301492022099,
    "max_drawdown": -0.2467650190740664,
    "calmar": 0.6756288962283885,
    "avg_monthly_ret": 0.013893464788732393,
    "n_months": 71
  },
  "turnover_stats": {
    "oos_avg_monthly_turnover": 0.7243878647107356,
    "oos_avg_annualised_tc_drag": 0.017385308753057653
  }
}