{
  "10bps": {
    "is": {
      "ann_ret": 0.19343313937257922,
      "ann_vol": 0.10586652399126426,
      "sharpe": 1.8271416882313116,
      "sortino": 4.129624023115803,
      "max_drawdown": -0.17376166609608673,
      "calmar": 1.1132095111565894,
      "avg_monthly_ret": 0.01611942828104827,
      "n_months": 168
    },
    "oos": {
      "ann_ret": 0.26310346217497516,
      "ann_vol": 0.13414602621973404,
      "sharpe": 1.9613213271335082,
      "sortino": 5.65683423364828,
      "max_drawdown": -0.09577867781082615,
      "calmar": 2.746994092929896,
      "avg_monthly_ret": 0.021925288514581264,
      "n_months": 71
    }
  },
  "25bps": {
    "is": {
      "ann_ret": 0.16974964471195292,
      "ann_vol": 0.10596343643434103,
      "sharpe": 1.6019643230156682,
      "sortino": 3.5636228937283447,
      "max_drawdown": -0.20299592257185603,
      "calmar": 0.8362219425952525,
      "avg_monthly_ret": 0.014145803725996078,
      "n_months": 168
    },
    "oos": {
      "ann_ret": 0.23702549904538872,
      "ann_vol": 0.13433842649814529,
      "sharpe": 1.7643909134864042,
      "sortino": 5.037106327697179,
      "max_drawdown": -0.1097547326176074,
      "calmar": 2.1595925149870383,
      "avg_monthly_ret": 0.01975212492044906,
      "n_months": 71
    }
  },
  "50bps": {
    "is": {
      "ann_ret": 0.13027715361090908,
      "ann_vol": 0.10615396057026925,
      "sharpe": 1.227247225737483,
      "sortino": 2.6896699487486573,
      "max_drawdown": -0.25002609475900467,
      "calmar": 0.5210542273056767,
      "avg_monthly_ret": 0.010856429467575757,
      "n_months": 168
    },
    "oos": {
      "ann_ret": 0.19356222716274454,
      "ann_vol": 0.13467067857646048,
      "sharpe": 1.4373004518043462,
      "sortino": 3.9782368713429985,
      "max_drawdown": -0.14170863486386684,
      "calmar": 1.3659169559334978,
      "avg_monthly_ret": 0.01613018559689538,
      "n_months": 71
    }
  }
}